linenum,url
1,https://www.njuskalo.hr/auti/smart-fortwo-coupe-smart-fortwo-softouch-oglas-41681645
2,https://www.njuskalo.hr/auti/smart-fortwo-coupe-smart-fortwo-cdi-oglas-42286662
3,https://www.njuskalo.hr/auti/smart-fortwo-coupe-smart-fortwo-cdi-oglas-42106154
4,https://www.njuskalo.hr/auti/smart-fortwo-coupe-1.0-mhd-pure-benzin-klima-servo-oglas-38193200
5,https://www.njuskalo.hr/auti/smart-fortwo-453-passion-automatik-led-panorama-alu-mf-oglas-41743125
6,https://www.njuskalo.hr/auti/smart-fortwo-coupe-smart-eq-full-oprema-samo-3000-km-oglas-40775862
7,https://www.njuskalo.hr/auti/smart-forfour-1.0-prime-oglas-42286922
8,https://www.njuskalo.hr/auti/smart-for-two-0.8-cdi-auto-40kw-55ks-reg-5-24-xenon-klima-panorama-alu-oglas-42233451
9,https://www.njuskalo.hr/auti/smart-for-two-1.0mhd-automatic-45w-62ks-reg-9-24-klima-alu-15-oglas-42183805
10,https://www.njuskalo.hr/auti/smart-for-two-1.0-mhd-52kw-70ks-reg-2-24-klima-servo-panorama-alu-oglas-41989315
11,https://www.njuskalo.hr/auti/smart-fortwo-1.0-reg-1-godinu-passion-72.152-km-servisna-automatik-oglas-42236091
12,https://www.njuskalo.hr/auti/smart-fortwo-1.0-reg-1-godinu-62-kw-2009-god-servisna-klima-oglas-42213263
13,https://www.njuskalo.hr/auti/smart-fortwo-1-0-reg-1-godinu-passion-navi-felge-facelift-klima-oglas-42213086
14,https://www.njuskalo.hr/auti/smart-fortwo-1.0-mhd-2011-god-facelift-klima-servisna-alu-oglas-41481053
15,https://www.njuskalo.hr/auti/smart-fortwo-1.0-2012-god-klima-reg-1-godinu-koza-servisna-oglas-42112505
16,https://www.njuskalo.hr/auti/smart-forfour-1.0-top-stanje-samo-98000km-klima-servo-oglas-39100057
17,https://www.njuskalo.hr/auti/smart-eq-fortwo-smart-eq-fortwo60kw-automatik-gar-1-god-registriran-oglas-41488648
18,https://www.njuskalo.hr/auti/smart-fortwo-coupe-smart-eq-automatik-oglas-40988147
19,https://www.njuskalo.hr/auti/smart-fortwo-1.0-reg-1-god-top-stanje-oglas-42287395
20,https://www.njuskalo.hr/auti/smart-fortwo-coupe-fortwo-automatik-mhd-reg-1-god-oglas-42177531
21,https://www.njuskalo.hr/auti/smart-eq-fortwo-prime-oprema-100-electric-oglas-41521968
22,https://www.njuskalo.hr/auti/smart-coupe-eq-automatic-2019g-21632-km-60kw-navi-koza-10500e-pdv-oglas-40335954
23,https://www.njuskalo.hr/auti/smart-coupe-eq-automatic-2018g-22-tkm-60kw-navi-koza-13990e-oglas-40067064
24,https://www.njuskalo.hr/auti/smart-fortwo-0.8-cdi-4l-100km-111881km-pure-servo-klima-servis-4990e-oglas-42270748
25,https://www.njuskalo.hr/auti/smart-fortwo-0.7-benzin-reg-01-24-145-624-km-odlicno-stanje-2490e-oglas-42219448
26,https://www.njuskalo.hr/auti/smart-forfour-1.5-cdi-90ks-automatic-6-brzina-passion-pano-123tkm-4990-oglas-41752456
27,https://www.njuskalo.hr/auti/smart-coupe-eq-automatic-2018g-samo-22243km-60kw-navi-koza-12990-e-oglas-41413488
28,https://www.njuskalo.hr/auti/smart-eq-fortwo-eq-automatik-oglas-42318074
29,https://www.njuskalo.hr/auti/smart-eq-fortwo-prime-exclusive-automatik-oglas-41173086
30,https://www.njuskalo.hr/auti/smart-fortwo-450-oglas-41727444
31,https://www.njuskalo.hr/auti/smart-fortwo-eq-oglas-41475670
32,https://www.njuskalo.hr/auti/smart-fortwo-coupe-fortwo-oglas-41429547
33,https://www.njuskalo.hr/auti/smart-eq-navi-led-pano-reg-2-24-12mj-garancija-oglas-39643282
34,https://www.njuskalo.hr/auti/smart-pulse-99000km-oglas-42245487
35,https://www.njuskalo.hr/auti/smart-eq-fortwo-prime-matt-sivi-gratis-reg-oglas-41620859
36,https://www.njuskalo.hr/auti/smart-forfour-eq-passion-oglas-40903635
37,https://www.njuskalo.hr/auti/smart-fortwo-cabrio-brabus-exclusive-klima-koza-navi-f1-17-alu-oglas-41290809
38,https://www.njuskalo.hr/auti/smart-fortwo-coupe-tailor-made-brabus-xclusive-pano-navi-pdv-oglas-42212839
39,https://www.njuskalo.hr/auti/smart-fortwo-coupe-turbo-automatik-oglas-42037922
40,https://www.njuskalo.hr/auti/smart-forfour-oglas-41547510
41,https://www.njuskalo.hr/auti/proxy-turbo-90ks-pano-navi-dig-klima-jbl-ambient-oglas-42289590
42,https://www.njuskalo.hr/auti/smart-fortwo-coupe-proxy-automatik-navigacija-brabus-alu-full-led-oglas-41805358
43,https://www.njuskalo.hr/auti/smart-forfour-1.0-reg-07-24-alu-klima-servo-92.000-km-oglas-42232777
44,https://www.njuskalo.hr/auti/smart-forfour-1.5-brabus-90-kw-reg-09-2024-oglas-41301459
45,https://www.njuskalo.hr/auti/smart-fortwo-cabrio-electric-prime-kamera-led-18.435km-garancija-oglas-33411748
46,https://www.njuskalo.hr/auti/smart-forfour-1.0-reg-4-2024-klima-panorama-hr-auto-kartice-rate-oglas-42130096
47,https://www.njuskalo.hr/auti/smart-eq-fortwo-16tkm-oglas-41003729
48,https://www.njuskalo.hr/auti/smart-fortwo-coupe-smart-fortwo-cdi-automatik-oglas-41147143
49,https://www.njuskalo.hr/auti/smart-forfour-forfour-oglas-41884209
50,https://www.njuskalo.hr/auti/smart-fortwo-cabrio-cdi-automatik-03g-reg-6-24-klima-gr-sjedala-oglas-42289477
51,https://www.njuskalo.hr/auti/smart-fortwo-automatik-reg-godinu-dana-oglas-42294013
52,https://www.njuskalo.hr/auti/smart-eq-fortwo-elektricni-automatik-oglas-42285548
53,https://www.njuskalo.hr/auti/smart-fortwo-coupe-panoramski-krov-moze-obrocno-placanje-oglas-42303536
54,https://www.njuskalo.hr/auti/smart-eq-fortwo-electric-passion-automatik-klima-pdv-kredit-oglas-42095696
55,https://www.njuskalo.hr/auti/smart-fortwo-coupe-smart-fortwo-cdi-oglas-41983663
56,https://www.njuskalo.hr/auti/smart-cabrio-1.0-turbo-brabus-full-reg-1god-oglas-42298071
57,https://www.njuskalo.hr/auti/smart-fortwo-cdi-40kw-automatik-oglas-42301817
58,https://www.njuskalo.hr/auti/smart-forfour-smart-forfour-1.5-cdi-oglas-42093551
59,https://www.njuskalo.hr/auti/smart-forfour-1.0-passion-oglas-42143933
60,https://www.njuskalo.hr/auti/smart-forfour-passion-automatik-oglas-42300947
61,https://www.njuskalo.hr/auti/smart-roadster-452-automatik-oglas-42048275
62,https://www.njuskalo.hr/auti/smart-fortwo-automatik-g-2014-reg-09-2024-oglas-41482925
63,https://www.njuskalo.hr/auti/smart-fortwo-mhd-automatik-reg-11-2024-oglas-41747362
64,https://www.njuskalo.hr/auti/smart-fortwo-automatik-reg-10-2024-4350-oglas-41680842
65,https://www.njuskalo.hr/auti/smart-fortwo-eq-bluedawn-brabus-demo-vozilo-garancija-01-24-oglas-40615528
66,https://www.njuskalo.hr/auti/smart-fortwo-coupe-fortwo-automatik-oglas-41629654
67,https://www.njuskalo.hr/auti/smart-fortwo-coupe-smart-fortwo-hybrid-automatik-oglas-42263909
68,https://www.njuskalo.hr/auti/smart-fortwo-coupe-fortwo-oglas-41876132
69,https://www.njuskalo.hr/auti/smart-fortwo-coupe-smart-fortwo-oglas-42298245
70,https://www.njuskalo.hr/auti/smart-fortwo-coupe-cdi-klima-presao-129700-km-servis-reg-07-2014god-oglas-42270137
71,https://www.njuskalo.hr/auti/smart-fortwo-coupe-smart-fortwo-softouch-oglas-40403888
72,https://www.njuskalo.hr/auti/2020-smart-eq-brabus-optika-model-60kw-oglas-42224108
73,https://www.njuskalo.hr/auti/smart-fortwo-coupe-fortwo-oglas-41768706
74,https://www.njuskalo.hr/auti/smart-eq-fortwo-eq-fortwo-prime-automatik-oglas-41173039
75,https://www.njuskalo.hr/auti/smart-fortwo-prime-brabus-90ks-led-navi-jbl-pano-17-oglas-41789455
76,https://www.njuskalo.hr/auti/smart-fortwo-aaut-klima-navigacija-grijanje-sjedala-oglas-41480689
77,https://www.njuskalo.hr/auti/smart-fortwo-coupe-1.0-automatik-oglas-41622316
78,https://www.njuskalo.hr/auti/smart-fortwo-dizel-451-top-oprema-servisi-nov-kuplung-zamjena-oglas-42222282
79,https://www.njuskalo.hr/auti/smart-fortwo-dizel-451-2009g-top-oprema-svi-servisi-zamjena-oglas-42222142
80,https://www.njuskalo.hr/auti/smart-fortwo-coupe-smart-fortwo-1-oglas-28991056
81,https://www.njuskalo.hr/auti/smart-fortwo-0.700-45kw-pure-klima-alu-oglas-42293857
82,https://www.njuskalo.hr/auti/smart-fortwo-52-kw-passion-twinamic-oglas-42293564
83,https://www.njuskalo.hr/auti/smart-eq-forfour-oglas-40542054
84,https://www.njuskalo.hr/auti/smart-fortwo-0.8-cdi-oglas-42170962
85,https://www.njuskalo.hr/auti/smart-forfour-forfour-oglas-41778232
86,https://www.njuskalo.hr/auti/smart-eq-fortwo-oglas-41559228
87,https://www.njuskalo.hr/auti/smart-eq-fortwo-passion-elektricni-pdvu-oglas-41184932
88,https://www.njuskalo.hr/auti/smart-eq-fortwo-0.9-automatik-oglas-41998761
89,https://www.njuskalo.hr/auti/smart-eq-cabrio-edition-kamera-navi-led-oglas-40888946
90,https://www.njuskalo.hr/auti/smart-roadster-smart-softouch-oglas-41538934
91,https://www.njuskalo.hr/auti/smart-roadster-smart-softouch-oglas-42123268
92,https://www.njuskalo.hr/auti/smart-fortwo-coupe-fortwo-oglas-41989272
93,https://www.njuskalo.hr/auti/smart-forfour-eq-oglas-38685936
94,https://www.njuskalo.hr/auti/smart-forfour-0.9-brabus-at-oglas-41478421
95,https://www.njuskalo.hr/auti/smart-forfour-smart-eq-automatik-oglas-41183353
96,https://www.njuskalo.hr/auti/smart-fortwo-automatik-panorama-oglas-42223171
97,https://www.njuskalo.hr/auti/smart-eq-fortwo-100-automatik-oglas-42133402
98,https://www.njuskalo.hr/auti/smart-eq-fortwo-60kw-automatik-reg-12mj-24g-garancija-11mj-25g-oglas-42286762
99,https://www.njuskalo.hr/auti/smart-fortwo-451-0.8-cdi-diesel-automatik-klima-odlican-oglas-41597463
100,https://www.njuskalo.hr/auti/smart-fortwo-coupe-pure-softip-automatik-oglas-41472496
101,https://www.njuskalo.hr/auti/smart-eq-fortwo-eq-automatik-oglas-42285892
102,https://www.njuskalo.hr/auti/smart-fortwo-coupe-1.0-automatik-oglas-40903705
103,https://www.njuskalo.hr/auti/smart-fortwo-passion-automatik-panoramski-krov-grijanje-sjedala-oglas-42285598
104,https://www.njuskalo.hr/auti/smart-fortwo-cabrio-struja-automatik-registiran-prvi-vlasnik-oglas-40988153
105,https://www.njuskalo.hr/auti/smart-fortwo-coupe-eq-alu-klima-tempomat-bluetooth-oglas-37691361
106,https://www.njuskalo.hr/auti/smart-coupe-eq-automatic-2019g-21632-km-60kw-navi-koza-10500e-pdv-oglas-41413336
107,https://www.njuskalo.hr/auti/smart-forfour-1.0-oglas-42280749
108,https://www.njuskalo.hr/auti/smart-fortwo-coupe-oglas-42282837
109,https://www.njuskalo.hr/auti/smart-fortwo-passion-automatik-oglas-42282384
110,https://www.njuskalo.hr/auti/smart-fortwo-2018-automatik-hr-emil-frey-oglas-41644152
111,https://www.njuskalo.hr/auti/smart-eq-fortwo-eq-prime-oglas-41175076
112,https://www.njuskalo.hr/auti/smart-fortwo-coupe-fortwo-automatik-oglas-40345062
113,https://www.njuskalo.hr/auti/smart-eq-fortwo-prime-cool-media-sleek-style-1.900km-12-2017-oglas-42279829
114,https://www.njuskalo.hr/auti/smart-eq-fortwo-automatik-model-2021-led-alu-pano-leasing-7-god-oglas-40979815
115,https://www.njuskalo.hr/auti/smart-fortwo-coupe-fortwo-oglas-41687797
116,https://www.njuskalo.hr/auti/smart-1.0-cabrio-fortwo-oglas-41999262
117,https://www.njuskalo.hr/auti/smart-1.0-fortwo-coupe-oglas-41999383
118,https://www.njuskalo.hr/auti/smart-fortwo-1.0-mhd-eco-oglas-41999324
119,https://www.njuskalo.hr/auti/smart-fortwo-coupe-fortwo-0.8-oglas-42068363
120,https://www.njuskalo.hr/auti/smart-eq-fourfor-navi-led-panorama-kamera-jbl-full-27tkm-oglas-40356376
121,https://www.njuskalo.hr/auti/smart-forfour-1.0-tce-oglas-42276911
122,https://www.njuskalo.hr/auti/smart-fortwo-prime-eq-oglas-38163857
123,https://www.njuskalo.hr/auti/smart-eq-fortwo-prime-exclusive-11-22-koza-pano-garancija10-25-22kw-oglas-41770057
124,https://www.njuskalo.hr/auti/smart-fortwo-coupe-smart-fortwo-oglas-41118317
125,https://www.njuskalo.hr/auti/smart-fortwo-coupe-smart-fortwo-softouch-oglas-42274046
126,https://www.njuskalo.hr/auti/smart-fortwo-coupe-fortwo-oglas-42273994
127,https://www.njuskalo.hr/auti/smart-fortwo-cdi-dizel-passion-automatik-servo-oglas-40057914
128,https://www.njuskalo.hr/auti/smart-eq-fortwo-osobno-vozilo-oglas-41603849
129,https://www.njuskalo.hr/auti/smart-eq-fortwo-brabus-automatik-oglas-40880841
130,https://www.njuskalo.hr/auti/smart-fortwo-coupe-smart-fortwo-softouch-automatik-oglas-41875180
131,https://www.njuskalo.hr/auti/smart-forfour-smart-eq-automatik-oglas-41261754
132,https://www.njuskalo.hr/auti/smart-fortwo-cabrio-smart-fortwo-cdi-top-stanje-automatik-oglas-42270830
133,https://www.njuskalo.hr/auti/smart-fortwo-coupe-smart-eq-automatik-2021g-reg-01-24-1-vl-pdv-oglas-39453289
134,https://www.njuskalo.hr/auti/smart-eq-fortwo-automatik-top-oglas-40743991
135,https://www.njuskalo.hr/auti/smart-eq-fortwo-eq-fortwo-prime-automatik-oglas-41005596
136,https://www.njuskalo.hr/auti/smart-fortwo-coupe-brabus-automatik-66kw-regan-oglas-42269571
137,https://www.njuskalo.hr/auti/smart-fortwo-coupe-1.0-automatik-usluzna-prodaja-oglas-42269398
138,https://www.njuskalo.hr/auti/smart-fortwo-78tkm-reg-04-24-oglas-42132352
139,https://www.njuskalo.hr/auti/smart-fortwo-electric-drive-35-kw-electric-drive-standard-oglas-42264107
140,https://www.njuskalo.hr/auti/smart-coupe-fortwo-451-e-electric-automatik-oglas-31921577
141,https://www.njuskalo.hr/auti/smart-fortwo-coupe-prime-900-turbo-90-ks-oglas-40455970
142,https://www.njuskalo.hr/auti/smart-eq-fortwo-brabus-bludawn-automatik-oglas-41489546
143,https://www.njuskalo.hr/auti/smart-fortwo-coupe-hybrid-softouch-automatik-servo-oglas-42105080
144,https://www.njuskalo.hr/auti/smart-fortwo-coupe-0.8-cdi-automatik-oglas-40945242
145,https://www.njuskalo.hr/auti/smart-fortwo-coupe-pulse-oglas-41881293
146,https://www.njuskalo.hr/auti/smart-eq-fortwo-prime-exsluzive-paket-koza-12.2022-oglas-41369830
147,https://www.njuskalo.hr/auti/smart-eq-fortwo-prime-exclusive-jbl-british-green-pano-gar-03-25-oglas-40926045
148,https://www.njuskalo.hr/auti/smart-forfour-1.0-passion-reg-07-24-servisna-grijanje-sjedala-oglas-40881231
149,https://www.njuskalo.hr/auti/smart-fortwo-eq-brabus-mat-bijeli-jbl-kamera-pdc-pano-xenon-7000km-oglas-41469418
150,https://www.njuskalo.hr/auti/smart-eq-fortwo-automatik-oglas-42263809
151,https://www.njuskalo.hr/auti/smart-fortwo-cabrio-brabus-oglas-42163641
152,https://www.njuskalo.hr/auti/smart-fortwo-coupe-oglas-41006194
153,https://www.njuskalo.hr/auti/smart-eq-fortwo-fortwo-elektricni-automatik-pdv-dostupan-odmah-oglas-40632357
154,https://www.njuskalo.hr/auti/smart-forfour-smart-forfour-1.5-cdi-oglas-39975648
155,https://www.njuskalo.hr/auti/smart-fortwo-eq-exclusiv-garancija-22kw-full-led-navi-pano-jbl-oglas-42260837
156,https://www.njuskalo.hr/auti/smart-fortwo-cabrio-pulse-softip-automatik-oglas-41753242
157,https://www.njuskalo.hr/auti/smart-forfour-smart-forfour-1.5-cdi-oglas-40962652
158,https://www.njuskalo.hr/auti/smart-fortwo-coupe-coupe-oglas-39730466
159,https://www.njuskalo.hr/auti/smart-eq-fortwo-1.0-automatik-oglas-34835900
160,https://www.njuskalo.hr/auti/smart-forfour-1.0-oglas-41156587
161,https://www.njuskalo.hr/auti/smart-forfour-eq-oglas-40285346
162,https://www.njuskalo.hr/auti/smart-fortwo-cabrio-fortwo-automatik-oglas-41914165
163,https://www.njuskalo.hr/auti/smart-fortwo-turbo-cabrio-automatik-oglas-42097266
164,https://www.njuskalo.hr/auti/smart-fortwo-coupe-999-automatik-oglas-42045471
165,https://www.njuskalo.hr/auti/smart-fortwo-coupe-pulse-softip-automatik-oglas-42255050
166,https://www.njuskalo.hr/auti/smart-forfour-smart-eq-automatik-oglas-39823478
167,https://www.njuskalo.hr/auti/smart-fortwo-coupe-smart-fortwo-1-oglas-42252899
168,https://www.njuskalo.hr/auti/smart-eq-fortwo-22kw-prime-exclusive-12-22-koza-pano-garanc-11-25-oglas-42049415
169,https://www.njuskalo.hr/auti/smart-eq-forfour-full-electric-35.000km-full-oprema-moguca-zamjena-oglas-42107158
170,https://www.njuskalo.hr/auti/smart-fortwo-coupe-999-benzin-oglas-42178399
171,https://www.njuskalo.hr/auti/smart-fortwo-coupe-fortwo-benzinac-automatik-oglas-42115947
172,https://www.njuskalo.hr/auti/smart-fortwo-cdi-passion-klima-servo-mog-kupnje-karticama-oglas-42049443
173,https://www.njuskalo.hr/auti/smart-fortwo-coupe-453-automatik-full-oprema-39450-km-oglas-42182063
174,https://www.njuskalo.hr/auti/smart-eq-fortwo-elektricni-automatik-oglas-41897804
175,https://www.njuskalo.hr/auti/smart-forfour-smart-forfour-1.5-cdi-oglas-34720187
176,https://www.njuskalo.hr/auti/smart-eq-fortwo-60kw-oglas-41412099
177,https://www.njuskalo.hr/auti/smart-fortwo-cabrio-1.9-passion-2016-90.000-km-dig-servisna-alu-oglas-42243942
178,https://www.njuskalo.hr/auti/smart-fortwo-coupe-automatik-navigacija-panorama-oglas-42242218
179,https://www.njuskalo.hr/auti/smart-fortwo-brabus-eq-bluedawn-12-21-koza-pano-gar-09-25-top-oglas-41370133
180,https://www.njuskalo.hr/auti/smart-fortwo-pearl-grey-edition-automatik-oglas-40967811
181,https://www.njuskalo.hr/auti/smart-fortwo-cabrio-cdi-automatik-oglas-42239997
182,https://www.njuskalo.hr/auti/smart-eq-fortwo-eq-automatik-oglas-41573390
183,https://www.njuskalo.hr/auti/smart-eq-fortwo-eletric-automatik-oglas-41885929
184,https://www.njuskalo.hr/auti/smart-fortwo-451-cabrio-cdi-170tkm-dizel-mali-potrisac-oglas-42234763
185,https://www.njuskalo.hr/auti/smart-fortwo-coupe-fortwo-automatik-oglas-42011439
186,https://www.njuskalo.hr/auti/smart-fortwo-cabrio-oglas-42234038
187,https://www.njuskalo.hr/auti/smart-fortwo-coupe-hybrid-softouch-50000-km-oglas-42105126
188,https://www.njuskalo.hr/auti/smart-forfour-osobno-vozilo-oglas-41089112
189,https://www.njuskalo.hr/auti/smart-eq-cabrio-exclusive-garancija-10-23-prvi-vlasnik-registriran-oglas-40633415
190,https://www.njuskalo.hr/auti/smart-eq-fortwo-exclusive-pulse-garancija-prvi-vlasnik-dvobojan-oglas-40722831
191,https://www.njuskalo.hr/auti/smart-forfour-2014-god-oglas-42230692
192,https://www.njuskalo.hr/auti/smart-eq-fortwo-60-kw-model-09-2021-brzi-punjac-pdv-oglas-41747203
193,https://www.njuskalo.hr/auti/smart-fortwo-cdi-automatic-panorama-oglas-42042485
194,https://www.njuskalo.hr/auti/smart-fortwo-453-2016-god-64000-km-oglas-42222894
195,https://www.njuskalo.hr/auti/smart-fortwo-coupe-smart-fortwo-automatik-oglas-41662505
196,https://www.njuskalo.hr/auti/smart-fortwo-coupe-451-1.0-benzin-52kw-automatik-oglas-42221970
197,https://www.njuskalo.hr/auti/smart-fortwo-coupe-1.0-coupe-automatik-oglas-41995942
198,https://www.njuskalo.hr/auti/smart-forfour-1.0-automatska-klima-panorama-oglas-40546041
199,https://www.njuskalo.hr/auti/smart-eq-forfour-oglas-40188479
200,https://www.njuskalo.hr/auti/smart-fortwo-automatik-oglas-41671438
201,https://www.njuskalo.hr/auti/smart-fortwo-coupe-smart-eq-automatik-oglas-42213550
202,https://www.njuskalo.hr/auti/smart-fortwo-1.0-52kw-2019-oglas-42214782
203,https://www.njuskalo.hr/auti/smart-eq-fortwo-brzi-22kw-punjac-oglas-41634012
204,https://www.njuskalo.hr/auti/smart-eq-fortwo-passion-advanced-11-21-reg-garancija-07-25-22kw-oglas-41367485
205,https://www.njuskalo.hr/auti/smart-fortwo-cdi-2013god-automatik-klima-oglas-41970675
206,https://www.njuskalo.hr/auti/smart-fortwo-coupe-fortwo-oglas-42204294
207,https://www.njuskalo.hr/auti/smart-eq-fortwo-elektricni-automatik-oglas-41109739
208,https://www.njuskalo.hr/auti/smart-eq-fortwo-elektricni-automatik-oglas-40920133
209,https://www.njuskalo.hr/auti/smart-eq-fortwo-elektricni-automatik-oglas-40543146
210,https://www.njuskalo.hr/auti/smart-cabrio-eq-elektricni-oglas-41084384
211,https://www.njuskalo.hr/auti/smart-eq-fortwo-60-kw-automatik-oglas-40894385
212,https://www.njuskalo.hr/auti/smart-fortwo-coupe-1.0-mhd-automatik-oglas-41989412
213,https://www.njuskalo.hr/auti/smart-eq-fortwo-coupe-prime-exclusive-koza-jbl-panorama-gar-02-25-oglas-40925943
214,https://www.njuskalo.hr/auti/smart-eq-fortwo-coupe-exclusiv-automatik-oglas-42194581
215,https://www.njuskalo.hr/auti/smart-fortwo-1.0-oglas-42199796
216,https://www.njuskalo.hr/auti/smart-forfour-smart-eq-automatik-oglas-40745773
217,https://www.njuskalo.hr/auti/smart-eq-fortwo-1-automatik-oglas-40919239
218,https://www.njuskalo.hr/auti/smart-forfour-smart-forfour-1.3-oglas-34055133
219,https://www.njuskalo.hr/auti/smart-fortwo-coupe-451-automatik-oglas-42196085
220,https://www.njuskalo.hr/auti/smart-fortwo-coupe-800-cdi-klima-2013-g-oglas-40962785
221,https://www.njuskalo.hr/auti/smart-fortwo-coupe-fortwo-oglas-41615069
222,https://www.njuskalo.hr/auti/smart-eq-fortwo-2022-oglas-41962529
223,https://www.njuskalo.hr/auti/smart-eq-fortwo-passion-advanced-11-21-reg-garancija-07-25-22kw-oglas-41124372
224,https://www.njuskalo.hr/auti/smart-fortwo-coupe-1.0-smart-fortwo-softouch-automatik-oglas-41719849
225,https://www.njuskalo.hr/auti/smart-fortwo-coupe-0.8-cdi-krediti-kartice-oglas-24314386
226,https://www.njuskalo.hr/auti/smart-eq-fortwo-eq-automatik-akcija-oglas-42180936
227,https://www.njuskalo.hr/auti/smart-fortwo-453-prime-led-jbl-navi-oglas-42178400
228,https://www.njuskalo.hr/auti/smart-fortwo-coupe-smart-cdi-softouch-automatik-oglas-41588205
229,https://www.njuskalo.hr/auti/smart-eq-fortwo-60-kw-automatik-08-2021-13200-km-oprema-oglas-40879819
230,https://www.njuskalo.hr/auti/smart-fortwo-cabrio-eq-elektricni-oglas-40120237
231,https://www.njuskalo.hr/auti/smart-fortwo-coupe-eq-elektricni-oglas-37658189
232,https://www.njuskalo.hr/auti/smart-oglas-41644032
233,https://www.njuskalo.hr/auti/smart-forfour-smart-forfour-1.5-cdi-automatik-oglas-42164330
234,https://www.njuskalo.hr/auti/smart-fortwo-coupe-bluedawn-brabus-automatik-oglas-40995470
235,https://www.njuskalo.hr/auti/smart-eq-anindol-pdv-kredit-leasing-kartice-rata-155-oglas-41480551
236,https://www.njuskalo.hr/auti/smart-fortwo-coupe-eq-elektricni-oglas-42164872
237,https://www.njuskalo.hr/auti/smart-fortwo-coupe-eq-elektricni-oglas-42164724
238,https://www.njuskalo.hr/auti/smart-fortwo-coupe-eq-elektricni-oglas-42164676
239,https://www.njuskalo.hr/auti/smart-fortwo-coupe-smart-fortwo-cdi-softouch-automatik-oglas-39843500
240,https://www.njuskalo.hr/auti/smart-fortwo-coupe-eq-elektricni-oglas-41873256
241,https://www.njuskalo.hr/auti/smart-eq-fortwo-edition-one-top-oglas-41489878
242,https://www.njuskalo.hr/auti/smart-eq-fortwo-passion-automatik-klima-panorama-servisna-13500km-oglas-41572403
243,https://www.njuskalo.hr/auti/smart-eq-fortwo-prime-exclusive-jbl-12-22-posebna-boja-pano-gar-oglas-41315439
244,https://www.njuskalo.hr/auti/smart-fortwo-coupe-fortwo-mhd-automatik-oglas-42046519
245,https://www.njuskalo.hr/auti/smart-eq-fortwo-coupe-eq-svojim-kamionima-uvozimo-registracije-oglas-42141948
246,https://www.njuskalo.hr/auti/smart-eq-fortwo-eq-automatik-oglas-41779552
247,https://www.njuskalo.hr/auti/smart-fortwo-coupe-smart-eq-oglas-42139809
248,https://www.njuskalo.hr/auti/smart-forfour-1.0-passion-grijanje-siceva-komande-volanu-tempomat-oglas-40161390
249,https://www.njuskalo.hr/auti/smart-forfour-smart-eq-automatik-2021-g-elektricni-garanicija-2000-km-oglas-40930225
250,https://www.njuskalo.hr/auti/smart-fortwo-coupe-1.0-automatik-oglas-42120714
251,https://www.njuskalo.hr/auti/smart-forfour-smart-eq-automatik-oglas-41989413
252,https://www.njuskalo.hr/auti/smart-fortwo-eq-bluedawn-brabus-12-21-koza-pano-gar-08-25-top-oglas-41202657
253,https://www.njuskalo.hr/auti/smart-fortwo-coupe-fortwo-oglas-41697723
254,https://www.njuskalo.hr/auti/smart-eq-fortwo-cabrio-eq-automatik-oglas-42118712
255,https://www.njuskalo.hr/auti/smart-fortwo-coupe-smart-fortwo-softouch-automatik-oglas-42115987
256,https://www.njuskalo.hr/auti/smart-fortwo-coupe-smart-fortwo-cdi-softouch-servo-volan-oglas-40946895
257,https://www.njuskalo.hr/auti/smart-fortwo-coupe-m1-automatik-oglas-42112233
258,https://www.njuskalo.hr/auti/smart-eq-forfour-siber-grij-sic-led-navi-koza-jamstvo-2019-oglas-39071331
259,https://www.njuskalo.hr/auti/smart-forfour-turbo-90ks-grij-sic-alu-sport-asistent-trake-pdc-oglas-39078916
260,https://www.njuskalo.hr/auti/smart-fortwo-coupe-turbo-90ks-panorama-grij-sic-led-2016-oglas-39078745
261,https://www.njuskalo.hr/auti/smart-eq-fortwo-elektro-passion-kamera-jamstvo-grij-sic-2021-oglas-39065080
262,https://www.njuskalo.hr/auti/smart-eq-fortwo-brabus-cabrio-automatik-oglas-40203385
263,https://www.njuskalo.hr/auti/smart-eq-fortwo-eq-fortwo-automatik-oglas-42072940
264,https://www.njuskalo.hr/auti/smart-eq-fortwo-eq-oglas-40616595
265,https://www.njuskalo.hr/auti/smart-eq-fortwo-1.9-automatik-oglas-42023857
266,https://www.njuskalo.hr/auti/smart-eq-fortwo-60kw-oglas-39847804
267,https://www.njuskalo.hr/auti/smart-fortwo-coupe-smart-cdi-oglas-42009424
268,https://www.njuskalo.hr/auti/smart-fortwo-coupe-smart-fortwo-automatik-oglas-42052384
269,https://www.njuskalo.hr/auti/smart-fortwo-coupe-fortwo-coupe-mhd-automatik-oglas-42049669
270,https://www.njuskalo.hr/auti/smart-fortwo-coupe-fortwo-oglas-39859254
271,https://www.njuskalo.hr/auti/smart-forfour-brabus-automatik-oglas-41996427
272,https://www.njuskalo.hr/auti/smart-fortwo-coupe-pure-softip-oglas-41360698
273,https://www.njuskalo.hr/auti/smart-eq-fortwo-oglas-41989790
274,https://www.njuskalo.hr/auti/smart-eq-fortwoo-60-kw-automatic-full-electric-servisna-top-oglas-40671327
275,https://www.njuskalo.hr/auti/smart-fortwo-coupe-451-automatik-oglas-41931163
276,https://www.njuskalo.hr/auti/smart-fortwo-coupe-mc01-automatik-oglas-41931092
277,https://www.njuskalo.hr/auti/smart-fortwo-coupe-mc01-automatik-oglas-41930892
278,https://www.njuskalo.hr/auti/smart-fortwo-coupe-451-automatik-oglas-41921446
279,https://www.njuskalo.hr/auti/smart-fortwo-coupe-451-automatik-oglas-41918852
280,https://www.njuskalo.hr/auti/smart-fortwo-coupe-mc01-automatik-oglas-41918725
281,https://www.njuskalo.hr/auti/smart-fortwo-coupe-prime-koza-gr-sj-temp-full-oglas-41727552
282,https://www.njuskalo.hr/auti/smart-fortwo-coupe-smart-fortwo-softouch-oglas-41572255
283,https://www.njuskalo.hr/auti/smart-eq-fortwo-eq-automatik-oglas-40385115
284,https://www.njuskalo.hr/auti/smart-fortwo-coupe-automatik-oglas-41874109
285,https://www.njuskalo.hr/auti/smart-fortwo-cabrio-fortwo-automatik-oglas-37008952
286,https://www.njuskalo.hr/auti/smart-fortwo-coupe-451-automatik-oglas-41815659
287,https://www.njuskalo.hr/auti/smart-fortwo-cabrio-mc01-automatik-oglas-41812259
288,https://www.njuskalo.hr/auti/smart-eq-forfour-oglas-41801838
289,https://www.njuskalo.hr/auti/smart-fortwo-coupe-37-kw-oglas-41796007
290,https://www.njuskalo.hr/auti/smart-eq-fortwo-garancijom-sve-oglas-41780246
291,https://www.njuskalo.hr/auti/smart-forfour-smart-eq-svojim-kamionima-uvozimo-registracije-oglas-41767880
292,https://www.njuskalo.hr/auti/smart-fortwo-coupe-coupe-oglas-41748528
293,https://www.njuskalo.hr/auti/smart-fortwo-coupe-coupe-oglas-41748527
294,https://www.njuskalo.hr/auti/smart-fortwo-coupe-coupe-oglas-41748526
295,https://www.njuskalo.hr/auti/smart-fortwo-coupe-coupe-oglas-41748525
296,https://www.njuskalo.hr/auti/smart-fortwo-coupe-pure-automatik-oglas-41745230
297,https://www.njuskalo.hr/auti/smart-forfour-forfour-oglas-41742508
298,https://www.njuskalo.hr/auti/smart-fortwo-coupe-451-automatik-oglas-41741569
299,https://www.njuskalo.hr/auti/smart-fortwo-coupe-smart-oglas-41732736
300,https://www.njuskalo.hr/auti/smart-fortwo-coupe-pulse-softip-automatik-oglas-41665872
301,https://www.njuskalo.hr/auti/smart-eq-fortwo-eq-fortwo-automatik-oglas-40427287
302,https://www.njuskalo.hr/auti/smart-fortwo-coupe-smart-fortwo-softouch-oglas-41556854
303,https://www.njuskalo.hr/auti/smart-eq-forfour-oglas-41615235
304,https://www.njuskalo.hr/auti/smart-fortwo-coupe-pure-softip-automatik-oglas-41596583
305,https://www.njuskalo.hr/auti/smart-fortwo-coupe-smart-fortwo-hybrid-oglas-24284830
306,https://www.njuskalo.hr/auti/smart-fortwo-coupe-pulse-softip-automatik-oglas-41602205
307,https://www.njuskalo.hr/auti/smart-forfour-1.0-oglas-41233162
308,https://www.njuskalo.hr/auti/smart-fortwo-coupe-451-automatik-oglas-41588740
309,https://www.njuskalo.hr/auti/smart-fortwo-coupe-smart-fortwo-softouch-automatik-oglas-41572054
310,https://www.njuskalo.hr/auti/smart-fortwo-coupe-smart-fortwo-cdi-automatik-oglas-41500476
311,https://www.njuskalo.hr/auti/smart-forfour-1.0-passion-oglas-41499380
312,https://www.njuskalo.hr/auti/smart-fortwo-2005-godiste-dizel-oglas-41482932
313,https://www.njuskalo.hr/auti/smart-fortwo-coupe-451-automatik-oglas-41414774
314,https://www.njuskalo.hr/auti/smart-fortwo-cabrio-fortwo-usluzna-prodaja-oglas-41192046
315,https://www.njuskalo.hr/auti/smart-fortwo-coupe-451-automatik-oglas-41185803
316,https://www.njuskalo.hr/auti/smart-fortwo-cabrio-smart-fortwo-oglas-30366914
317,https://www.njuskalo.hr/auti/smart-fortwo-coupe-451-automatik-oglas-40531458
318,https://www.njuskalo.hr/auti/smart-fortwo-coupe-automatik-oglas-40458605
319,https://www.njuskalo.hr/auti/smart-fortwo-coupe-451-automatik-oglas-40431865
320,https://www.njuskalo.hr/auti/smart-eq-fortwo-automatik-oglas-40427791
321,https://www.njuskalo.hr/auti/smart-fortwo-coupe-451-automatik-oglas-38311572
322,https://www.njuskalo.hr/auti/smart-eq-fortwo-fortwo-oglas-39954605
323,https://www.njuskalo.hr/auti/smart-1.5-cdi-bez-ikakvih-ulaganja-reg-01.2023-oglas-38486564
